"scriere pacienti csv","24/05/2022 14:22"
"scriere medici csv","24/05/2022 14:22"
"scriere cabinete csv","24/05/2022 14:22"
"scriere programari csv","24/05/2022 14:22"
"scriere pacienti csv","24/05/2022 19:22"
"scriere medici csv","24/05/2022 19:22"
"scriere cabinete csv","24/05/2022 19:22"
"scriere programari csv","24/05/2022 19:22"
"scriere pacienti csv","24/05/2022 19:42"
"scriere medici csv","24/05/2022 19:42"
"scriere cabinete csv","24/05/2022 19:42"
"scriere programari csv","24/05/2022 19:42"
"scriere pacienti csv","24/05/2022 19:42"
"scriere medici csv","24/05/2022 19:42"
"scriere cabinete csv","24/05/2022 19:42"
"scriere programari csv","24/05/2022 19:42"
"scriere pacienti csv","24/05/2022 19:47"
"scriere medici csv","24/05/2022 19:47"
"scriere cabinete csv","24/05/2022 19:47"
"scriere programari csv","24/05/2022 19:47"
"scriere pacienti csv","24/05/2022 19:49"
"scriere medici csv","24/05/2022 19:49"
"scriere cabinete csv","24/05/2022 19:49"
"scriere programari csv","24/05/2022 19:49"
"scriere pacienti csv","24/05/2022 19:58"
"scriere medici csv","24/05/2022 19:58"
"scriere cabinete csv","24/05/2022 19:58"
"scriere programari csv","24/05/2022 19:58"
"scriere pacienti csv","24/05/2022 19:59"
"scriere medici csv","24/05/2022 19:59"
"scriere cabinete csv","24/05/2022 19:59"
"scriere programari csv","24/05/2022 19:59"
"scriere pacienti csv","24/05/2022 20:01"
"scriere medici csv","24/05/2022 20:01"
"scriere cabinete csv","24/05/2022 20:01"
"scriere programari csv","24/05/2022 20:01"
"scriere pacienti csv","24/05/2022 20:05"
"scriere medici csv","24/05/2022 20:05"
"scriere cabinete csv","24/05/2022 20:05"
"scriere programari csv","24/05/2022 20:05"
"scriere pacienti csv","24/05/2022 20:06"
"scriere medici csv","24/05/2022 20:06"
"scriere cabinete csv","24/05/2022 20:06"
"scriere programari csv","24/05/2022 20:06"
"scriere pacienti csv","24/05/2022 20:08"
"scriere medici csv","24/05/2022 20:08"
"scriere cabinete csv","24/05/2022 20:08"
"scriere programari csv","24/05/2022 20:08"
"scriere pacienti csv","24/05/2022 20:15"
"scriere medici csv","24/05/2022 20:15"
"scriere cabinete csv","24/05/2022 20:15"
"scriere programari csv","24/05/2022 20:15"
"scriere pacienti csv","24/05/2022 20:22"
"scriere medici csv","24/05/2022 20:22"
"scriere cabinete csv","24/05/2022 20:22"
"scriere programari csv","24/05/2022 20:22"
"scriere pacienti csv","24/05/2022 20:31"
"scriere medici csv","24/05/2022 20:31"
"scriere cabinete csv","24/05/2022 20:31"
"scriere programari csv","24/05/2022 20:31"
"scriere pacienti csv","24/05/2022 20:55"
"scriere medici csv","24/05/2022 20:55"
"scriere cabinete csv","24/05/2022 20:55"
"scriere programari csv","24/05/2022 20:55"
"scriere pacienti csv","24/05/2022 20:57"
"scriere medici csv","24/05/2022 20:57"
"scriere cabinete csv","24/05/2022 20:57"
"scriere programari csv","24/05/2022 20:57"
"scriere pacienti csv","24/05/2022 21:00"
"scriere medici csv","24/05/2022 21:00"
"scriere cabinete csv","24/05/2022 21:00"
"scriere programari csv","24/05/2022 21:00"
"scriere pacienti csv","24/05/2022 21:01"
"scriere medici csv","24/05/2022 21:01"
"scriere cabinete csv","24/05/2022 21:01"
"scriere programari csv","24/05/2022 21:01"
"scriere pacienti csv","24/05/2022 21:03"
"scriere medici csv","24/05/2022 21:03"
"scriere cabinete csv","24/05/2022 21:03"
"scriere programari csv","24/05/2022 21:03"
"scriere pacienti csv","24/05/2022 21:03"
"scriere medici csv","24/05/2022 21:03"
"scriere cabinete csv","24/05/2022 21:03"
"scriere programari csv","24/05/2022 21:03"
"scriere pacienti csv","24/05/2022 21:05"
"scriere medici csv","24/05/2022 21:05"
"scriere cabinete csv","24/05/2022 21:05"
"scriere programari csv","24/05/2022 21:05"
"scriere pacienti csv","24/05/2022 21:07"
"scriere medici csv","24/05/2022 21:07"
"scriere cabinete csv","24/05/2022 21:07"
"scriere programari csv","24/05/2022 21:07"
"scriere pacienti csv","24/05/2022 21:08"
"scriere medici csv","24/05/2022 21:08"
"scriere cabinete csv","24/05/2022 21:08"
"scriere programari csv","24/05/2022 21:08"
"scriere pacienti csv","24/05/2022 22:18"
"scriere medici csv","24/05/2022 22:18"
"scriere cabinete csv","24/05/2022 22:18"
"scriere programari csv","24/05/2022 22:18"
"scriere pacienti csv","24/05/2022 22:39"
"scriere medici csv","24/05/2022 22:39"
"scriere cabinete csv","24/05/2022 22:39"
"scriere programari csv","24/05/2022 22:39"
"scriere pacienti csv","24/05/2022 22:42"
"scriere medici csv","24/05/2022 22:42"
"scriere cabinete csv","24/05/2022 22:42"
"scriere programari csv","24/05/2022 22:42"
"scriere pacienti csv","24/05/2022 22:43"
"scriere medici csv","24/05/2022 22:43"
"scriere cabinete csv","24/05/2022 22:43"
"scriere programari csv","24/05/2022 22:43"
"scriere pacienti csv","24/05/2022 22:45"
"scriere medici csv","24/05/2022 22:45"
"scriere cabinete csv","24/05/2022 22:45"
"scriere programari csv","24/05/2022 22:45"
"scriere pacienti csv","24/05/2022 22:50"
"scriere medici csv","24/05/2022 22:50"
"scriere cabinete csv","24/05/2022 22:50"
"scriere programari csv","24/05/2022 22:50"
"scriere pacienti csv","24/05/2022 22:58"
"scriere medici csv","24/05/2022 22:58"
"scriere cabinete csv","24/05/2022 22:58"
"scriere programari csv","24/05/2022 22:58"
"scriere pacienti csv","24/05/2022 22:58"
"scriere medici csv","24/05/2022 22:58"
"scriere cabinete csv","24/05/2022 22:58"
"scriere programari csv","24/05/2022 22:58"
"scriere pacienti csv","24/05/2022 23:02"
"scriere medici csv","24/05/2022 23:02"
"scriere cabinete csv","24/05/2022 23:02"
"scriere programari csv","24/05/2022 23:02"
"scriere pacienti csv","24/05/2022 23:04"
"scriere medici csv","24/05/2022 23:04"
"scriere cabinete csv","24/05/2022 23:04"
"scriere programari csv","24/05/2022 23:04"
"scriere pacienti csv","24/05/2022 23:04"
"scriere medici csv","24/05/2022 23:04"
"scriere cabinete csv","24/05/2022 23:04"
"scriere programari csv","24/05/2022 23:04"
"scriere pacienti csv","24/05/2022 23:04"
"scriere medici csv","24/05/2022 23:04"
"scriere cabinete csv","24/05/2022 23:04"
"scriere programari csv","24/05/2022 23:04"
"scriere pacienti csv","24/05/2022 23:07"
"scriere medici csv","24/05/2022 23:07"
"scriere cabinete csv","24/05/2022 23:07"
"scriere programari csv","24/05/2022 23:07"
"scriere pacienti csv","24/05/2022 23:09"
"scriere medici csv","24/05/2022 23:09"
"scriere cabinete csv","24/05/2022 23:09"
"scriere programari csv","24/05/2022 23:09"
